,area,fornitore,numero_dosi,data_consegna,codice_NUTS1,codice_NUTS2,codice_regione_ISTAT,nome_area
0,ABR,Pfizer/BioNTech,135,2020-12-27,ITF,ITF1,13,Abruzzo
1,ABR,Pfizer/BioNTech,7800,2020-12-30,ITF,ITF1,13,Abruzzo
2,ABR,Pfizer/BioNTech,3900,2021-01-05,ITF,ITF1,13,Abruzzo
3,ABR,Pfizer/BioNTech,3900,2021-01-07,ITF,ITF1,13,Abruzzo
4,ABR,Pfizer/BioNTech,3900,2021-01-11,ITF,ITF1,13,Abruzzo
5,ABR,Pfizer/BioNTech,4875,2021-01-12,ITF,ITF1,13,Abruzzo
6,ABR,Moderna,1300,2021-01-13,ITF,ITF1,13,Abruzzo
7,ABR,Pfizer/BioNTech,3510,2021-01-18,ITF,ITF1,13,Abruzzo
8,ABR,Pfizer/BioNTech,3510,2021-01-20,ITF,ITF1,13,Abruzzo
9,ABR,Pfizer/BioNTech,2340,2021-01-21,ITF,ITF1,13,Abruzzo
10,ABR,Pfizer/BioNTech,1170,2021-01-26,ITF,ITF1,13,Abruzzo
11,ABR,Pfizer/BioNTech,2340,2021-01-27,ITF,ITF1,13,Abruzzo
12,ABR,Moderna,1400,2021-02-01,ITF,ITF1,13,Abruzzo
13,ABR,Pfizer/BioNTech,7020,2021-02-02,ITF,ITF1,13,Abruzzo
14,ABR,AstraZeneca,5500,2021-02-09,ITF,ITF1,13,Abruzzo
15,ABR,Pfizer/BioNTech,8190,2021-02-09,ITF,ITF1,13,Abruzzo
16,ABR,Pfizer/BioNTech,2340,2021-02-10,ITF,ITF1,13,Abruzzo
17,ABR,AstraZeneca,6400,2021-02-13,ITF,ITF1,13,Abruzzo
18,ABR,Moderna,3100,2021-02-13,ITF,ITF1,13,Abruzzo
19,ABR,Pfizer/BioNTech,14040,2021-02-18,ITF,ITF1,13,Abruzzo
20,ABR,AstraZeneca,11100,2021-02-19,ITF,ITF1,13,Abruzzo
21,ABR,Pfizer/BioNTech,11700,2021-02-23,ITF,ITF1,13,Abruzzo
22,ABR,Pfizer/BioNTech,4680,2021-02-24,ITF,ITF1,13,Abruzzo
23,ABR,AstraZeneca,9400,2021-02-27,ITF,ITF1,13,Abruzzo
24,ABR,Moderna,6400,2021-03-01,ITF,ITF1,13,Abruzzo
25,ABR,Pfizer/BioNTech,16380,2021-03-02,ITF,ITF1,13,Abruzzo
26,ABR,Pfizer/BioNTech,1170,2021-03-04,ITF,ITF1,13,Abruzzo
27,ABR,Pfizer/BioNTech,17550,2021-03-09,ITF,ITF1,13,Abruzzo
28,ABR,AstraZeneca,14300,2021-03-10,ITF,ITF1,13,Abruzzo
29,ABR,AstraZeneca,5500,2021-03-13,ITF,ITF1,13,Abruzzo
30,ABR,Pfizer/BioNTech,17550,2021-03-15,ITF,ITF1,13,Abruzzo
31,ABR,Moderna,8600,2021-03-22,ITF,ITF1,13,Abruzzo
32,ABR,Pfizer/BioNTech,31590,2021-03-22,ITF,ITF1,13,Abruzzo
33,ABR,AstraZeneca,5900,2021-03-25,ITF,ITF1,13,Abruzzo
34,ABR,Pfizer/BioNTech,25740,2021-03-29,ITF,ITF1,13,Abruzzo
35,ABR,Moderna,12700,2021-04-02,ITF,ITF1,13,Abruzzo
36,ABR,AstraZeneca,29800,2021-04-03,ITF,ITF1,13,Abruzzo
37,ABR,Pfizer/BioNTech,38610,2021-04-06,ITF,ITF1,13,Abruzzo
38,BAS,Pfizer/BioNTech,105,2020-12-27,ITF,ITF5,17,Basilicata
39,BAS,Pfizer/BioNTech,4875,2020-12-30,ITF,ITF5,17,Basilicata
40,BAS,Pfizer/BioNTech,2925,2021-01-05,ITF,ITF5,17,Basilicata
41,BAS,Pfizer/BioNTech,3900,2021-01-11,ITF,ITF5,17,Basilicata
42,BAS,Pfizer/BioNTech,1950,2021-01-12,ITF,ITF5,17,Basilicata
43,BAS,Pfizer/BioNTech,2340,2021-01-18,ITF,ITF5,17,Basilicata
44,BAS,Pfizer/BioNTech,1170,2021-01-19,ITF,ITF5,17,Basilicata
45,BAS,Pfizer/BioNTech,1170,2021-01-25,ITF,ITF5,17,Basilicata
46,BAS,Pfizer/BioNTech,2340,2021-01-27,ITF,ITF5,17,Basilicata
47,BAS,Moderna,600,2021-02-01,ITF,ITF5,17,Basilicata
48,BAS,Pfizer/BioNTech,2340,2021-02-01,ITF,ITF5,17,Basilicata
49,BAS,Pfizer/BioNTech,3510,2021-02-02,ITF,ITF5,17,Basilicata
50,BAS,AstraZeneca,2300,2021-02-09,ITF,ITF5,17,Basilicata
51,BAS,Pfizer/BioNTech,4680,2021-02-09,ITF,ITF5,17,Basilicata
52,BAS,AstraZeneca,2700,2021-02-13,ITF,ITF5,17,Basilicata
53,BAS,Moderna,1300,2021-02-13,ITF,ITF5,17,Basilicata
54,BAS,Pfizer/BioNTech,5850,2021-02-15,ITF,ITF5,17,Basilicata
55,BAS,Pfizer/BioNTech,1170,2021-02-18,ITF,ITF5,17,Basilicata
56,BAS,AstraZeneca,4700,2021-02-19,ITF,ITF5,17,Basilicata
57,BAS,Pfizer/BioNTech,3510,2021-02-22,ITF,ITF5,17,Basilicata
58,BAS,Pfizer/BioNTech,2340,2021-02-23,ITF,ITF5,17,Basilicata
59,BAS,AstraZeneca,4000,2021-02-27,ITF,ITF5,17,Basilicata
60,BAS,Moderna,2500,2021-03-01,ITF,ITF5,17,Basilicata
61,BAS,Pfizer/BioNTech,5850,2021-03-01,ITF,ITF5,17,Basilicata
62,BAS,Pfizer/BioNTech,1170,2021-03-02,ITF,ITF5,17,Basilicata
63,BAS,Pfizer/BioNTech,5850,2021-03-08,ITF,ITF5,17,Basilicata
64,BAS,Pfizer/BioNTech,1170,2021-03-09,ITF,ITF5,17,Basilicata
65,BAS,AstraZeneca,6000,2021-03-10,ITF,ITF5,17,Basilicata
66,BAS,AstraZeneca,2300,2021-03-13,ITF,ITF5,17,Basilicata
67,BAS,Pfizer/BioNTech,7020,2021-03-15,ITF,ITF5,17,Basilicata
68,BAS,Moderna,3400,2021-03-21,ITF,ITF5,17,Basilicata
69,BAS,Pfizer/BioNTech,8190,2021-03-22,ITF,ITF5,17,Basilicata
70,BAS,AstraZeneca,2500,2021-03-25,ITF,ITF5,17,Basilicata
71,BAS,Pfizer/BioNTech,9360,2021-03-29,ITF,ITF5,17,Basilicata
72,BAS,Moderna,5000,2021-04-02,ITF,ITF5,17,Basilicata
73,BAS,AstraZeneca,11700,2021-04-03,ITF,ITF5,17,Basilicata
74,BAS,Pfizer/BioNTech,15210,2021-04-06,ITF,ITF5,17,Basilicata
75,CAL,Pfizer/BioNTech,280,2020-12-27,ITF,ITF6,18,Calabria
76,CAL,Pfizer/BioNTech,12675,2020-12-31,ITF,ITF6,18,Calabria
77,CAL,Pfizer/BioNTech,10725,2021-01-04,ITF,ITF6,18,Calabria
78,CAL,Pfizer/BioNTech,1950,2021-01-11,ITF,ITF6,18,Calabria
79,CAL,Pfizer/BioNTech,13650,2021-01-12,ITF,ITF6,18,Calabria
80,CAL,Pfizer/BioNTech,8190,2021-01-19,ITF,ITF6,18,Calabria
81,CAL,Pfizer/BioNTech,1170,2021-01-20,ITF,ITF6,18,Calabria
82,CAL,Pfizer/BioNTech,1170,2021-01-26,ITF,ITF6,18,Calabria
83,CAL,Pfizer/BioNTech,12870,2021-01-27,ITF,ITF6,18,Calabria
84,CAL,Moderna,2100,2021-02-01,ITF,ITF6,18,Calabria
85,CAL,Pfizer/BioNTech,15210,2021-02-02,ITF,ITF6,18,Calabria
86,CAL,AstraZeneca,8000,2021-02-09,ITF,ITF6,18,Calabria
87,CAL,Pfizer/BioNTech,16380,2021-02-09,ITF,ITF6,18,Calabria
88,CAL,AstraZeneca,9300,2021-02-13,ITF,ITF6,18,Calabria
89,CAL,Moderna,3900,2021-02-13,ITF,ITF6,18,Calabria
90,CAL,Pfizer/BioNTech,18720,2021-02-18,ITF,ITF6,18,Calabria
91,CAL,AstraZeneca,16100,2021-02-20,ITF,ITF6,18,Calabria
92,CAL,Pfizer/BioNTech,19890,2021-02-23,ITF,ITF6,18,Calabria
93,CAL,AstraZeneca,13600,2021-02-27,ITF,ITF6,18,Calabria
94,CAL,Moderna,7700,2021-03-01,ITF,ITF6,18,Calabria
95,CAL,Pfizer/BioNTech,19890,2021-03-02,ITF,ITF6,18,Calabria
96,CAL,Pfizer/BioNTech,22230,2021-03-09,ITF,ITF6,18,Calabria
97,CAL,AstraZeneca,20800,2021-03-10,ITF,ITF6,18,Calabria
98,CAL,AstraZeneca,7900,2021-03-13,ITF,ITF6,18,Calabria
99,CAL,Pfizer/BioNTech,21060,2021-03-15,ITF,ITF6,18,Calabria
100,CAL,Moderna,7800,2021-03-21,ITF,ITF6,18,Calabria
101,CAL,Pfizer/BioNTech,22230,2021-03-22,ITF,ITF6,18,Calabria
102,CAL,AstraZeneca,8500,2021-03-25,ITF,ITF6,18,Calabria
103,CAL,Pfizer/BioNTech,32760,2021-03-29,ITF,ITF6,18,Calabria
104,CAL,Moderna,15200,2021-04-02,ITF,ITF6,18,Calabria
105,CAL,AstraZeneca,40500,2021-04-03,ITF,ITF6,18,Calabria
106,CAL,Pfizer/BioNTech,49140,2021-04-06,ITF,ITF6,18,Calabria
107,CAM,Pfizer/BioNTech,720,2020-12-27,ITF,ITF3,15,Campania
108,CAM,Pfizer/BioNTech,30225,2020-12-30,ITF,ITF3,15,Campania
109,CAM,Pfizer/BioNTech,2925,2020-12-31,ITF,ITF3,15,Campania
110,CAM,Pfizer/BioNTech,18525,2021-01-05,ITF,ITF3,15,Campania
111,CAM,Pfizer/BioNTech,975,2021-01-06,ITF,ITF3,15,Campania
112,CAM,Pfizer/BioNTech,9750,2021-01-07,ITF,ITF3,15,Campania
113,CAM,Pfizer/BioNTech,9750,2021-01-11,ITF,ITF3,15,Campania
114,CAM,Pfizer/BioNTech,27300,2021-01-12,ITF,ITF3,15,Campania
115,CAM,Moderna,8200,2021-01-13,ITF,ITF3,15,Campania
116,CAM,Pfizer/BioNTech,975,2021-01-13,ITF,ITF3,15,Campania
117,CAM,Pfizer/BioNTech,10530,2021-01-18,ITF,ITF3,15,Campania
118,CAM,Pfizer/BioNTech,14040,2021-01-20,ITF,ITF3,15,Campania
119,CAM,Pfizer/BioNTech,14040,2021-01-21,ITF,ITF3,15,Campania
120,CAM,Pfizer/BioNTech,3510,2021-01-25,ITF,ITF3,15,Campania
121,CAM,Pfizer/BioNTech,16380,2021-01-26,ITF,ITF3,15,Campania
122,CAM,Pfizer/BioNTech,5850,2021-01-27,ITF,ITF3,15,Campania
123,CAM,Pfizer/BioNTech,5850,2021-01-29,ITF,ITF3,15,Campania
124,CAM,Moderna,6300,2021-02-01,ITF,ITF3,15,Campania
125,CAM,Pfizer/BioNTech,3510,2021-02-01,ITF,ITF3,15,Campania
126,CAM,Pfizer/BioNTech,38610,2021-02-02,ITF,ITF3,15,Campania
127,CAM,AstraZeneca,24200,2021-02-09,ITF,ITF3,15,Campania
128,CAM,Pfizer/BioNTech,49140,2021-02-09,ITF,ITF3,15,Campania
129,CAM,AstraZeneca,28400,2021-02-13,ITF,ITF3,15,Campania
130,CAM,Moderna,9100,2021-02-13,ITF,ITF3,15,Campania
131,CAM,Pfizer/BioNTech,5850,2021-02-15,ITF,ITF3,15,Campania
132,CAM,Pfizer/BioNTech,1170,2021-02-16,ITF,ITF3,15,Campania
133,CAM,Pfizer/BioNTech,33930,2021-02-18,ITF,ITF3,15,Campania
134,CAM,AstraZeneca,49000,2021-02-19,ITF,ITF3,15,Campania
135,CAM,Pfizer/BioNTech,10530,2021-02-22,ITF,ITF3,15,Campania
136,CAM,Pfizer/BioNTech,33930,2021-02-23,ITF,ITF3,15,Campania
137,CAM,AstraZeneca,43900,2021-02-27,ITF,ITF3,15,Campania
138,CAM,Moderna,17400,2021-03-01,ITF,ITF3,15,Campania
139,CAM,Pfizer/BioNTech,11700,2021-03-01,ITF,ITF3,15,Campania
140,CAM,Pfizer/BioNTech,35100,2021-03-02,ITF,ITF3,15,Campania
141,CAM,Pfizer/BioNTech,12870,2021-03-08,ITF,ITF3,15,Campania
142,CAM,Pfizer/BioNTech,36270,2021-03-09,ITF,ITF3,15,Campania
143,CAM,AstraZeneca,66100,2021-03-10,ITF,ITF3,15,Campania
144,CAM,AstraZeneca,25600,2021-03-13,ITF,ITF3,15,Campania
145,CAM,Pfizer/BioNTech,49140,2021-03-15,ITF,ITF3,15,Campania
146,CAM,Moderna,23300,2021-03-21,ITF,ITF3,15,Campania
147,CAM,Pfizer/BioNTech,121680,2021-03-22,ITF,ITF3,15,Campania
148,CAM,AstraZeneca,27100,2021-03-25,ITF,ITF3,15,Campania
149,CAM,Pfizer/BioNTech,72540,2021-03-29,ITF,ITF3,15,Campania
150,CAM,Moderna,34500,2021-04-02,ITF,ITF3,15,Campania
151,CAM,AstraZeneca,122700,2021-04-03,ITF,ITF3,15,Campania
152,CAM,Pfizer/BioNTech,107640,2021-04-06,ITF,ITF3,15,Campania
153,EMR,Pfizer/BioNTech,975,2020-12-27,ITH,ITH5,8,Emilia-Romagna
154,EMR,Pfizer/BioNTech,30225,2020-12-30,ITH,ITH5,8,Emilia-Romagna
155,EMR,Pfizer/BioNTech,12675,2020-12-31,ITH,ITH5,8,Emilia-Romagna
156,EMR,Pfizer/BioNTech,16575,2021-01-05,ITH,ITH5,8,Emilia-Romagna
157,EMR,Pfizer/BioNTech,28275,2021-01-07,ITH,ITH5,8,Emilia-Romagna
158,EMR,Pfizer/BioNTech,4875,2021-01-11,ITH,ITH5,8,Emilia-Romagna
159,EMR,Pfizer/BioNTech,39000,2021-01-12,ITH,ITH5,8,Emilia-Romagna
160,EMR,Moderna,7400,2021-01-13,ITH,ITH5,8,Emilia-Romagna
161,EMR,Pfizer/BioNTech,9360,2021-01-18,ITH,ITH5,8,Emilia-Romagna
162,EMR,Pfizer/BioNTech,3510,2021-01-20,ITH,ITH5,8,Emilia-Romagna
163,EMR,Pfizer/BioNTech,14040,2021-01-21,ITH,ITH5,8,Emilia-Romagna
164,EMR,Pfizer/BioNTech,31590,2021-01-26,ITH,ITH5,8,Emilia-Romagna
165,EMR,Pfizer/BioNTech,23400,2021-01-27,ITH,ITH5,8,Emilia-Romagna
166,EMR,Moderna,4900,2021-02-01,ITH,ITH5,8,Emilia-Romagna
167,EMR,Pfizer/BioNTech,50310,2021-02-02,ITH,ITH5,8,Emilia-Romagna
168,EMR,AstraZeneca,18300,2021-02-09,ITH,ITH5,8,Emilia-Romagna
169,EMR,Pfizer/BioNTech,3510,2021-02-09,ITH,ITH5,8,Emilia-Romagna
170,EMR,Pfizer/BioNTech,35100,2021-02-10,ITH,ITH5,8,Emilia-Romagna
171,EMR,AstraZeneca,21400,2021-02-13,ITH,ITH5,8,Emilia-Romagna
172,EMR,Moderna,11000,2021-02-13,ITH,ITH5,8,Emilia-Romagna
173,EMR,Pfizer/BioNTech,51480,2021-02-18,ITH,ITH5,8,Emilia-Romagna
174,EMR,AstraZeneca,9500,2021-02-19,ITH,ITH5,8,Emilia-Romagna
175,EMR,AstraZeneca,27600,2021-02-20,ITH,ITH5,8,Emilia-Romagna
176,EMR,Pfizer/BioNTech,52650,2021-02-23,ITH,ITH5,8,Emilia-Romagna
177,EMR,AstraZeneca,31200,2021-02-27,ITH,ITH5,8,Emilia-Romagna
178,EMR,Moderna,20500,2021-03-01,ITH,ITH5,8,Emilia-Romagna
179,EMR,Pfizer/BioNTech,1170,2021-03-01,ITH,ITH5,8,Emilia-Romagna
180,EMR,Pfizer/BioNTech,54990,2021-03-02,ITH,ITH5,8,Emilia-Romagna
181,EMR,Pfizer/BioNTech,58500,2021-03-09,ITH,ITH5,8,Emilia-Romagna
182,EMR,AstraZeneca,47800,2021-03-10,ITH,ITH5,8,Emilia-Romagna
183,EMR,AstraZeneca,18200,2021-03-13,ITH,ITH5,8,Emilia-Romagna
184,EMR,Pfizer/BioNTech,57330,2021-03-15,ITH,ITH5,8,Emilia-Romagna
185,EMR,Moderna,27500,2021-03-22,ITH,ITH5,8,Emilia-Romagna
186,EMR,Pfizer/BioNTech,95940,2021-03-22,ITH,ITH5,8,Emilia-Romagna
187,EMR,AstraZeneca,19600,2021-03-25,ITH,ITH5,8,Emilia-Romagna
188,EMR,Pfizer/BioNTech,86580,2021-03-29,ITH,ITH5,8,Emilia-Romagna
189,EMR,Moderna,40700,2021-04-02,ITH,ITH5,8,Emilia-Romagna
190,EMR,AstraZeneca,92700,2021-04-03,ITH,ITH5,8,Emilia-Romagna
191,EMR,Pfizer/BioNTech,128700,2021-04-06,ITH,ITH5,8,Emilia-Romagna
192,FVG,Pfizer/BioNTech,265,2020-12-27,ITH,ITH4,6,Friuli-Venezia Giulia
193,FVG,Pfizer/BioNTech,5850,2020-12-30,ITH,ITH4,6,Friuli-Venezia Giulia
194,FVG,Pfizer/BioNTech,5850,2020-12-31,ITH,ITH4,6,Friuli-Venezia Giulia
195,FVG,Pfizer/BioNTech,6825,2021-01-05,ITH,ITH4,6,Friuli-Venezia Giulia
196,FVG,Pfizer/BioNTech,4875,2021-01-07,ITH,ITH4,6,Friuli-Venezia Giulia
197,FVG,Pfizer/BioNTech,975,2021-01-08,ITH,ITH4,6,Friuli-Venezia Giulia
198,FVG,Pfizer/BioNTech,1950,2021-01-11,ITH,ITH4,6,Friuli-Venezia Giulia
199,FVG,Pfizer/BioNTech,10725,2021-01-12,ITH,ITH4,6,Friuli-Venezia Giulia
200,FVG,Pfizer/BioNTech,2340,2021-01-18,ITH,ITH4,6,Friuli-Venezia Giulia
201,FVG,Pfizer/BioNTech,4680,2021-01-21,ITH,ITH4,6,Friuli-Venezia Giulia
202,FVG,Pfizer/BioNTech,9360,2021-01-26,ITH,ITH4,6,Friuli-Venezia Giulia
203,FVG,Pfizer/BioNTech,7020,2021-01-27,ITH,ITH4,6,Friuli-Venezia Giulia
204,FVG,Moderna,1300,2021-02-01,ITH,ITH4,6,Friuli-Venezia Giulia
205,FVG,Pfizer/BioNTech,14040,2021-02-02,ITH,ITH4,6,Friuli-Venezia Giulia
206,FVG,AstraZeneca,5000,2021-02-09,ITH,ITH4,6,Friuli-Venezia Giulia
207,FVG,Pfizer/BioNTech,10530,2021-02-10,ITH,ITH4,6,Friuli-Venezia Giulia
208,FVG,AstraZeneca,5900,2021-02-13,ITH,ITH4,6,Friuli-Venezia Giulia
209,FVG,Moderna,3100,2021-02-13,ITH,ITH4,6,Friuli-Venezia Giulia
210,FVG,Pfizer/BioNTech,16380,2021-02-18,ITH,ITH4,6,Friuli-Venezia Giulia
211,FVG,AstraZeneca,10100,2021-02-20,ITH,ITH4,6,Friuli-Venezia Giulia
212,FVG,Pfizer/BioNTech,14040,2021-02-23,ITH,ITH4,6,Friuli-Venezia Giulia
213,FVG,AstraZeneca,8500,2021-02-27,ITH,ITH4,6,Friuli-Venezia Giulia
214,FVG,Moderna,5600,2021-02-28,ITH,ITH4,6,Friuli-Venezia Giulia
215,FVG,Pfizer/BioNTech,15210,2021-03-02,ITH,ITH4,6,Friuli-Venezia Giulia
216,FVG,Pfizer/BioNTech,16380,2021-03-09,ITH,ITH4,6,Friuli-Venezia Giulia
217,FVG,AstraZeneca,13100,2021-03-10,ITH,ITH4,6,Friuli-Venezia Giulia
218,FVG,AstraZeneca,5000,2021-03-13,ITH,ITH4,6,Friuli-Venezia Giulia
219,FVG,Pfizer/BioNTech,16380,2021-03-15,ITH,ITH4,6,Friuli-Venezia Giulia
220,FVG,Moderna,7600,2021-03-22,ITH,ITH4,6,Friuli-Venezia Giulia
221,FVG,Pfizer/BioNTech,16380,2021-03-22,ITH,ITH4,6,Friuli-Venezia Giulia
222,FVG,AstraZeneca,5400,2021-03-25,ITH,ITH4,6,Friuli-Venezia Giulia
223,FVG,Pfizer/BioNTech,23400,2021-03-29,ITH,ITH4,6,Friuli-Venezia Giulia
224,FVG,Moderna,11200,2021-04-02,ITH,ITH4,6,Friuli-Venezia Giulia
225,FVG,AstraZeneca,25300,2021-04-03,ITH,ITH4,6,Friuli-Venezia Giulia
226,FVG,Pfizer/BioNTech,35100,2021-04-06,ITH,ITH4,6,Friuli-Venezia Giulia
227,LAZ,Pfizer/BioNTech,955,2020-12-27,ITI,ITI4,12,Lazio
228,LAZ,Pfizer/BioNTech,38025,2020-12-30,ITI,ITI4,12,Lazio
229,LAZ,Pfizer/BioNTech,6825,2020-12-31,ITI,ITI4,12,Lazio
230,LAZ,Pfizer/BioNTech,12675,2021-01-05,ITI,ITI4,12,Lazio
231,LAZ,Pfizer/BioNTech,21450,2021-01-07,ITI,ITI4,12,Lazio
232,LAZ,Pfizer/BioNTech,14625,2021-01-11,ITI,ITI4,12,Lazio
233,LAZ,Pfizer/BioNTech,38025,2021-01-12,ITI,ITI4,12,Lazio
234,LAZ,Moderna,7400,2021-01-13,ITI,ITI4,12,Lazio
235,LAZ,Pfizer/BioNTech,5850,2021-01-18,ITI,ITI4,12,Lazio
236,LAZ,Pfizer/BioNTech,12870,2021-01-20,ITI,ITI4,12,Lazio
237,LAZ,Pfizer/BioNTech,19890,2021-01-21,ITI,ITI4,12,Lazio
238,LAZ,Pfizer/BioNTech,26910,2021-01-26,ITI,ITI4,12,Lazio
239,LAZ,Pfizer/BioNTech,14040,2021-01-27,ITI,ITI4,12,Lazio
240,LAZ,Moderna,6400,2021-02-01,ITI,ITI4,12,Lazio
241,LAZ,Pfizer/BioNTech,45630,2021-02-02,ITI,ITI4,12,Lazio
242,LAZ,Pfizer/BioNTech,2340,2021-02-03,ITI,ITI4,12,Lazio
243,LAZ,Pfizer/BioNTech,1170,2021-02-05,ITI,ITI4,12,Lazio
244,LAZ,AstraZeneca,24100,2021-02-09,ITI,ITI4,12,Lazio
245,LAZ,Pfizer/BioNTech,38610,2021-02-09,ITI,ITI4,12,Lazio
246,LAZ,Pfizer/BioNTech,10530,2021-02-10,ITI,ITI4,12,Lazio
247,LAZ,AstraZeneca,28300,2021-02-13,ITI,ITI4,12,Lazio
248,LAZ,Moderna,12000,2021-02-13,ITI,ITI4,12,Lazio
249,LAZ,Pfizer/BioNTech,56160,2021-02-18,ITI,ITI4,12,Lazio
250,LAZ,AstraZeneca,48900,2021-02-19,ITI,ITI4,12,Lazio
251,LAZ,Pfizer/BioNTech,59670,2021-02-24,ITI,ITI4,12,Lazio
252,LAZ,AstraZeneca,41200,2021-02-27,ITI,ITI4,12,Lazio
253,LAZ,Moderna,23400,2021-03-01,ITI,ITI4,12,Lazio
254,LAZ,Pfizer/BioNTech,62010,2021-03-02,ITI,ITI4,12,Lazio
255,LAZ,Pfizer/BioNTech,66690,2021-03-09,ITI,ITI4,12,Lazio
256,LAZ,AstraZeneca,63100,2021-03-10,ITI,ITI4,12,Lazio
257,LAZ,AstraZeneca,41100,2021-03-13,ITI,ITI4,12,Lazio
258,LAZ,Pfizer/BioNTech,66690,2021-03-15,ITI,ITI4,12,Lazio
259,LAZ,Moderna,33900,2021-03-21,ITI,ITI4,12,Lazio
260,LAZ,Pfizer/BioNTech,136890,2021-03-22,ITI,ITI4,12,Lazio
261,LAZ,AstraZeneca,25800,2021-03-25,ITI,ITI4,12,Lazio
262,LAZ,Pfizer/BioNTech,99450,2021-03-29,ITI,ITI4,12,Lazio
263,LAZ,AstraZeneca,11600,2021-04-02,ITI,ITI4,12,Lazio
264,LAZ,Moderna,46500,2021-04-02,ITI,ITI4,12,Lazio
265,LAZ,AstraZeneca,110700,2021-04-03,ITI,ITI4,12,Lazio
266,LAZ,Pfizer/BioNTech,147420,2021-04-06,ITI,ITI4,12,Lazio
267,LIG,Pfizer/BioNTech,320,2020-12-27,ITC,ITC3,7,Liguria
268,LIG,Pfizer/BioNTech,15600,2020-12-30,ITC,ITC3,7,Liguria
269,LIG,Pfizer/BioNTech,11700,2021-01-05,ITC,ITC3,7,Liguria
270,LIG,Pfizer/BioNTech,1950,2021-01-07,ITC,ITC3,7,Liguria
271,LIG,Pfizer/BioNTech,3900,2021-01-11,ITC,ITC3,7,Liguria
272,LIG,Pfizer/BioNTech,13650,2021-01-12,ITC,ITC3,7,Liguria
273,LIG,Pfizer/BioNTech,2340,2021-01-18,ITC,ITC3,7,Liguria
274,LIG,Pfizer/BioNTech,2340,2021-01-20,ITC,ITC3,7,Liguria
275,LIG,Pfizer/BioNTech,14040,2021-01-21,ITC,ITC3,7,Liguria
276,LIG,Pfizer/BioNTech,8190,2021-01-26,ITC,ITC3,7,Liguria
277,LIG,Pfizer/BioNTech,3510,2021-01-27,ITC,ITC3,7,Liguria
278,LIG,Moderna,1700,2021-02-01,ITC,ITC3,7,Liguria
279,LIG,Pfizer/BioNTech,16380,2021-02-02,ITC,ITC3,7,Liguria
280,LIG,AstraZeneca,6300,2021-02-09,ITC,ITC3,7,Liguria
281,LIG,Pfizer/BioNTech,12870,2021-02-09,ITC,ITC3,7,Liguria
282,LIG,AstraZeneca,7400,2021-02-13,ITC,ITC3,7,Liguria
283,LIG,Moderna,4700,2021-02-13,ITC,ITC3,7,Liguria
284,LIG,Pfizer/BioNTech,21060,2021-02-18,ITC,ITC3,7,Liguria
285,LIG,AstraZeneca,1900,2021-02-19,ITC,ITC3,7,Liguria
286,LIG,AstraZeneca,10900,2021-02-20,ITC,ITC3,7,Liguria
287,LIG,Pfizer/BioNTech,22230,2021-02-23,ITC,ITC3,7,Liguria
288,LIG,AstraZeneca,11200,2021-02-27,ITC,ITC3,7,Liguria
289,LIG,Moderna,8600,2021-03-01,ITC,ITC3,7,Liguria
290,LIG,Pfizer/BioNTech,23400,2021-03-02,ITC,ITC3,7,Liguria
291,LIG,Pfizer/BioNTech,24570,2021-03-09,ITC,ITC3,7,Liguria
292,LIG,AstraZeneca,18800,2021-03-10,ITC,ITC3,7,Liguria
293,LIG,AstraZeneca,6800,2021-03-13,ITC,ITC3,7,Liguria
294,LIG,Pfizer/BioNTech,24570,2021-03-15,ITC,ITC3,7,Liguria
295,LIG,Moderna,11500,2021-03-22,ITC,ITC3,7,Liguria
296,LIG,Pfizer/BioNTech,24570,2021-03-22,ITC,ITC3,7,Liguria
297,LIG,AstraZeneca,7300,2021-03-25,ITC,ITC3,7,Liguria
298,LIG,Pfizer/BioNTech,36270,2021-03-29,ITC,ITC3,7,Liguria
299,LIG,Moderna,17000,2021-04-02,ITC,ITC3,7,Liguria
300,LIG,AstraZeneca,32000,2021-04-03,ITC,ITC3,7,Liguria
301,LIG,Pfizer/BioNTech,53820,2021-04-06,ITC,ITC3,7,Liguria
302,LOM,Pfizer/BioNTech,1620,2020-12-27,ITC,ITC4,3,Lombardia
303,LOM,Pfizer/BioNTech,59475,2020-12-30,ITC,ITC4,3,Lombardia
304,LOM,Pfizer/BioNTech,19500,2020-12-31,ITC,ITC4,3,Lombardia
305,LOM,Pfizer/BioNTech,28275,2021-01-05,ITC,ITC4,3,Lombardia
306,LOM,Pfizer/BioNTech,39975,2021-01-07,ITC,ITC4,3,Lombardia
307,LOM,Pfizer/BioNTech,5850,2021-01-11,ITC,ITC4,3,Lombardia
308,LOM,Pfizer/BioNTech,78000,2021-01-12,ITC,ITC4,3,Lombardia
309,LOM,Pfizer/BioNTech,1950,2021-01-13,ITC,ITC4,3,Lombardia
310,LOM,Pfizer/BioNTech,975,2021-01-14,ITC,ITC4,3,Lombardia
311,LOM,Pfizer/BioNTech,14040,2021-01-18,ITC,ITC4,3,Lombardia
312,LOM,Pfizer/BioNTech,26910,2021-01-20,ITC,ITC4,3,Lombardia
313,LOM,Pfizer/BioNTech,29250,2021-01-21,ITC,ITC4,3,Lombardia
314,LOM,Pfizer/BioNTech,50310,2021-01-26,ITC,ITC4,3,Lombardia
315,LOM,Pfizer/BioNTech,23400,2021-01-27,ITC,ITC4,3,Lombardia
316,LOM,Moderna,11100,2021-02-01,ITC,ITC4,3,Lombardia
317,LOM,Pfizer/BioNTech,84240,2021-02-02,ITC,ITC4,3,Lombardia
318,LOM,AstraZeneca,41800,2021-02-09,ITC,ITC4,3,Lombardia
319,LOM,Pfizer/BioNTech,58500,2021-02-09,ITC,ITC4,3,Lombardia
320,LOM,Pfizer/BioNTech,26910,2021-02-10,ITC,ITC4,3,Lombardia
321,LOM,AstraZeneca,49100,2021-02-13,ITC,ITC4,3,Lombardia
322,LOM,Moderna,22000,2021-02-13,ITC,ITC4,3,Lombardia
323,LOM,Pfizer/BioNTech,100620,2021-02-18,ITC,ITC4,3,Lombardia
324,LOM,AstraZeneca,84900,2021-02-20,ITC,ITC4,3,Lombardia
325,LOM,Pfizer/BioNTech,104130,2021-02-23,ITC,ITC4,3,Lombardia
326,LOM,AstraZeneca,73900,2021-02-27,ITC,ITC4,3,Lombardia
327,LOM,Moderna,40900,2021-02-28,ITC,ITC4,3,Lombardia
328,LOM,Pfizer/BioNTech,106470,2021-03-02,ITC,ITC4,3,Lombardia
329,LOM,Pfizer/BioNTech,3510,2021-03-03,ITC,ITC4,3,Lombardia
330,LOM,Pfizer/BioNTech,115830,2021-03-09,ITC,ITC4,3,Lombardia
331,LOM,AstraZeneca,110600,2021-03-10,ITC,ITC4,3,Lombardia
332,LOM,AstraZeneca,42500,2021-03-13,ITC,ITC4,3,Lombardia
333,LOM,Pfizer/BioNTech,115830,2021-03-15,ITC,ITC4,3,Lombardia
334,LOM,Moderna,55000,2021-03-22,ITC,ITC4,3,Lombardia
335,LOM,Pfizer/BioNTech,135720,2021-03-22,ITC,ITC4,3,Lombardia
336,LOM,AstraZeneca,45200,2021-03-25,ITC,ITC4,3,Lombardia
337,LOM,Pfizer/BioNTech,171990,2021-03-29,ITC,ITC4,3,Lombardia
338,LOM,Moderna,81400,2021-04-02,ITC,ITC4,3,Lombardia
339,LOM,AstraZeneca,212500,2021-04-03,ITC,ITC4,3,Lombardia
340,LOM,Pfizer/BioNTech,255060,2021-04-06,ITC,ITC4,3,Lombardia
341,MAR,Pfizer/BioNTech,200,2020-12-27,ITI,ITI3,11,Marche
342,MAR,Pfizer/BioNTech,8775,2020-12-30,ITI,ITI3,11,Marche
343,MAR,Pfizer/BioNTech,6825,2021-01-05,ITI,ITI3,11,Marche
344,MAR,Pfizer/BioNTech,1950,2021-01-07,ITI,ITI3,11,Marche
345,MAR,Pfizer/BioNTech,9750,2021-01-12,ITI,ITI3,11,Marche
346,MAR,Moderna,1500,2021-01-13,ITI,ITI3,11,Marche
347,MAR,Pfizer/BioNTech,2340,2021-01-20,ITI,ITI3,11,Marche
348,MAR,Pfizer/BioNTech,8190,2021-01-21,ITI,ITI3,11,Marche
349,MAR,Pfizer/BioNTech,1170,2021-01-26,ITI,ITI3,11,Marche
350,MAR,Pfizer/BioNTech,4680,2021-01-27,ITI,ITI3,11,Marche
351,MAR,Moderna,1700,2021-02-01,ITI,ITI3,11,Marche
352,MAR,Pfizer/BioNTech,10530,2021-02-02,ITI,ITI3,11,Marche
353,MAR,AstraZeneca,6300,2021-02-09,ITI,ITI3,11,Marche
354,MAR,Pfizer/BioNTech,12870,2021-02-09,ITI,ITI3,11,Marche
355,MAR,AstraZeneca,7500,2021-02-13,ITI,ITI3,11,Marche
356,MAR,Moderna,4000,2021-02-13,ITI,ITI3,11,Marche
357,MAR,Pfizer/BioNTech,18720,2021-02-18,ITI,ITI3,11,Marche
358,MAR,AstraZeneca,12900,2021-02-19,ITI,ITI3,11,Marche
359,MAR,Pfizer/BioNTech,18720,2021-02-24,ITI,ITI3,11,Marche
360,MAR,AstraZeneca,10900,2021-02-27,ITI,ITI3,11,Marche
361,MAR,Moderna,7400,2021-03-01,ITI,ITI3,11,Marche
362,MAR,Pfizer/BioNTech,19890,2021-03-02,ITI,ITI3,11,Marche
363,MAR,Pfizer/BioNTech,21060,2021-03-09,ITI,ITI3,11,Marche
364,MAR,AstraZeneca,16700,2021-03-10,ITI,ITI3,11,Marche
365,MAR,AstraZeneca,6400,2021-03-13,ITI,ITI3,11,Marche
366,MAR,Pfizer/BioNTech,21060,2021-03-15,ITI,ITI3,11,Marche
367,MAR,Moderna,9900,2021-03-21,ITI,ITI3,11,Marche
368,MAR,Pfizer/BioNTech,44460,2021-03-22,ITI,ITI3,11,Marche
369,MAR,AstraZeneca,6800,2021-03-25,ITI,ITI3,11,Marche
370,MAR,Pfizer/BioNTech,30420,2021-03-29,ITI,ITI3,11,Marche
371,MAR,Moderna,14600,2021-04-02,ITI,ITI3,11,Marche
372,MAR,AstraZeneca,32200,2021-04-03,ITI,ITI3,11,Marche
373,MAR,Pfizer/BioNTech,45630,2021-04-06,ITI,ITI3,11,Marche
374,MOL,Pfizer/BioNTech,50,2020-12-27,ITF,ITF2,14,Molise
375,MOL,Pfizer/BioNTech,2925,2020-12-30,ITF,ITF2,14,Molise
376,MOL,Pfizer/BioNTech,1950,2021-01-05,ITF,ITF2,14,Molise
377,MOL,Pfizer/BioNTech,2925,2021-01-11,ITF,ITF2,14,Molise
378,MOL,Pfizer/BioNTech,975,2021-01-12,ITF,ITF2,14,Molise
379,MOL,Pfizer/BioNTech,2340,2021-01-18,ITF,ITF2,14,Molise
380,MOL,Pfizer/BioNTech,1170,2021-01-20,ITF,ITF2,14,Molise
381,MOL,Pfizer/BioNTech,1170,2021-01-27,ITF,ITF2,14,Molise
382,MOL,Moderna,300,2021-02-01,ITF,ITF2,14,Molise
383,MOL,Pfizer/BioNTech,2340,2021-02-02,ITF,ITF2,14,Molise
384,MOL,AstraZeneca,1300,2021-02-09,ITF,ITF2,14,Molise
385,MOL,Pfizer/BioNTech,2340,2021-02-09,ITF,ITF2,14,Molise
386,MOL,AstraZeneca,1500,2021-02-13,ITF,ITF2,14,Molise
387,MOL,Moderna,800,2021-02-13,ITF,ITF2,14,Molise
388,MOL,Pfizer/BioNTech,2340,2021-02-15,ITF,ITF2,14,Molise
389,MOL,Pfizer/BioNTech,1170,2021-02-18,ITF,ITF2,14,Molise
390,MOL,AstraZeneca,2600,2021-02-19,ITF,ITF2,14,Molise
391,MOL,Pfizer/BioNTech,2340,2021-02-22,ITF,ITF2,14,Molise
392,MOL,Pfizer/BioNTech,1170,2021-02-23,ITF,ITF2,14,Molise
393,MOL,AstraZeneca,2200,2021-02-27,ITF,ITF2,14,Molise
394,MOL,Moderna,1500,2021-03-01,ITF,ITF2,14,Molise
395,MOL,Pfizer/BioNTech,2340,2021-03-01,ITF,ITF2,14,Molise
396,MOL,Pfizer/BioNTech,1170,2021-03-02,ITF,ITF2,14,Molise
397,MOL,Pfizer/BioNTech,3510,2021-03-08,ITF,ITF2,14,Molise
398,MOL,AstraZeneca,3400,2021-03-10,ITF,ITF2,14,Molise
399,MOL,Pfizer/BioNTech,1170,2021-03-11,ITF,ITF2,14,Molise
400,MOL,AstraZeneca,1300,2021-03-13,ITF,ITF2,14,Molise
401,MOL,Pfizer/BioNTech,4680,2021-03-15,ITF,ITF2,14,Molise
402,MOL,Moderna,2000,2021-03-21,ITF,ITF2,14,Molise
403,MOL,Pfizer/BioNTech,10530,2021-03-22,ITF,ITF2,14,Molise
404,MOL,AstraZeneca,1400,2021-03-25,ITF,ITF2,14,Molise
405,MOL,Pfizer/BioNTech,7020,2021-03-29,ITF,ITF2,14,Molise
406,MOL,Moderna,3000,2021-04-02,ITF,ITF2,14,Molise
407,MOL,AstraZeneca,6500,2021-04-03,ITF,ITF2,14,Molise
408,MOL,Pfizer/BioNTech,10530,2021-04-06,ITF,ITF2,14,Molise
409,PAB,Pfizer/BioNTech,145,2020-12-27,ITH,ITH1,4,Provincia Autonoma Bolzano / Bozen
410,PAB,Pfizer/BioNTech,5850,2020-12-31,ITH,ITH1,4,Provincia Autonoma Bolzano / Bozen
411,PAB,Pfizer/BioNTech,6825,2021-01-07,ITH,ITH1,4,Provincia Autonoma Bolzano / Bozen
412,PAB,Pfizer/BioNTech,6825,2021-01-11,ITH,ITH1,4,Provincia Autonoma Bolzano / Bozen
413,PAB,Pfizer/BioNTech,3510,2021-01-21,ITH,ITH1,4,Provincia Autonoma Bolzano / Bozen
414,PAB,Pfizer/BioNTech,9360,2021-01-26,ITH,ITH1,4,Provincia Autonoma Bolzano / Bozen
415,PAB,Moderna,600,2021-02-01,ITH,ITH1,4,Provincia Autonoma Bolzano / Bozen
416,PAB,Pfizer/BioNTech,8190,2021-02-02,ITH,ITH1,4,Provincia Autonoma Bolzano / Bozen
417,PAB,AstraZeneca,2100,2021-02-09,ITH,ITH1,4,Provincia Autonoma Bolzano / Bozen
418,PAB,Pfizer/BioNTech,4680,2021-02-10,ITH,ITH1,4,Provincia Autonoma Bolzano / Bozen
419,PAB,AstraZeneca,2400,2021-02-13,ITH,ITH1,4,Provincia Autonoma Bolzano / Bozen
420,PAB,Moderna,1000,2021-02-13,ITH,ITH1,4,Provincia Autonoma Bolzano / Bozen
421,PAB,Pfizer/BioNTech,4680,2021-02-18,ITH,ITH1,4,Provincia Autonoma Bolzano / Bozen
422,PAB,AstraZeneca,4200,2021-02-20,ITH,ITH1,4,Provincia Autonoma Bolzano / Bozen
423,PAB,Pfizer/BioNTech,5850,2021-02-23,ITH,ITH1,4,Provincia Autonoma Bolzano / Bozen
424,PAB,AstraZeneca,3600,2021-02-27,ITH,ITH1,4,Provincia Autonoma Bolzano / Bozen
425,PAB,Moderna,2100,2021-02-28,ITH,ITH1,4,Provincia Autonoma Bolzano / Bozen
426,PAB,Pfizer/BioNTech,5850,2021-03-02,ITH,ITH1,4,Provincia Autonoma Bolzano / Bozen
427,PAB,Pfizer/BioNTech,5850,2021-03-09,ITH,ITH1,4,Provincia Autonoma Bolzano / Bozen
428,PAB,AstraZeneca,5500,2021-03-10,ITH,ITH1,4,Provincia Autonoma Bolzano / Bozen
429,PAB,AstraZeneca,2100,2021-03-13,ITH,ITH1,4,Provincia Autonoma Bolzano / Bozen
430,PAB,Pfizer/BioNTech,5850,2021-03-15,ITH,ITH1,4,Provincia Autonoma Bolzano / Bozen
431,PAB,Moderna,2800,2021-03-22,ITH,ITH1,4,Provincia Autonoma Bolzano / Bozen
432,PAB,Pfizer/BioNTech,7020,2021-03-22,ITH,ITH1,4,Provincia Autonoma Bolzano / Bozen
433,PAB,AstraZeneca,2300,2021-03-25,ITH,ITH1,4,Provincia Autonoma Bolzano / Bozen
434,PAB,Pfizer/BioNTech,8190,2021-03-29,ITH,ITH1,4,Provincia Autonoma Bolzano / Bozen
435,PAB,Moderna,4100,2021-04-02,ITH,ITH1,4,Provincia Autonoma Bolzano / Bozen
436,PAB,AstraZeneca,10600,2021-04-03,ITH,ITH1,4,Provincia Autonoma Bolzano / Bozen
437,PAB,Pfizer/BioNTech,12870,2021-04-06,ITH,ITH1,4,Provincia Autonoma Bolzano / Bozen
438,PAT,Pfizer/BioNTech,100,2020-12-27,ITH,ITH2,4,Provincia Autonoma Trento
439,PAT,Pfizer/BioNTech,4875,2020-12-30,ITH,ITH2,4,Provincia Autonoma Trento
440,PAT,Pfizer/BioNTech,1950,2021-01-05,ITH,ITH2,4,Provincia Autonoma Trento
441,PAT,Pfizer/BioNTech,2925,2021-01-07,ITH,ITH2,4,Provincia Autonoma Trento
442,PAT,Pfizer/BioNTech,5850,2021-01-12,ITH,ITH2,4,Provincia Autonoma Trento
443,PAT,Pfizer/BioNTech,2340,2021-01-20,ITH,ITH2,4,Provincia Autonoma Trento
444,PAT,Pfizer/BioNTech,7020,2021-01-27,ITH,ITH2,4,Provincia Autonoma Trento
445,PAT,Moderna,600,2021-02-01,ITH,ITH2,4,Provincia Autonoma Trento
446,PAT,Pfizer/BioNTech,4680,2021-02-02,ITH,ITH2,4,Provincia Autonoma Trento
447,PAT,AstraZeneca,2200,2021-02-09,ITH,ITH2,4,Provincia Autonoma Trento
448,PAT,Pfizer/BioNTech,4680,2021-02-10,ITH,ITH2,4,Provincia Autonoma Trento
449,PAT,AstraZeneca,2600,2021-02-13,ITH,ITH2,4,Provincia Autonoma Trento
450,PAT,Moderna,1100,2021-02-13,ITH,ITH2,4,Provincia Autonoma Trento
451,PAT,Pfizer/BioNTech,5850,2021-02-18,ITH,ITH2,4,Provincia Autonoma Trento
452,PAT,AstraZeneca,4600,2021-02-20,ITH,ITH2,4,Provincia Autonoma Trento
453,PAT,Pfizer/BioNTech,4680,2021-02-23,ITH,ITH2,4,Provincia Autonoma Trento
454,PAT,AstraZeneca,3800,2021-02-27,ITH,ITH2,4,Provincia Autonoma Trento
455,PAT,Moderna,2000,2021-02-28,ITH,ITH2,4,Provincia Autonoma Trento
456,PAT,Pfizer/BioNTech,5850,2021-03-02,ITH,ITH2,4,Provincia Autonoma Trento
457,PAT,Pfizer/BioNTech,5850,2021-03-09,ITH,ITH2,4,Provincia Autonoma Trento
458,PAT,AstraZeneca,5900,2021-03-10,ITH,ITH2,4,Provincia Autonoma Trento
459,PAT,AstraZeneca,2300,2021-03-13,ITH,ITH2,4,Provincia Autonoma Trento
460,PAT,Pfizer/BioNTech,5850,2021-03-15,ITH,ITH2,4,Provincia Autonoma Trento
461,PAT,Moderna,2700,2021-03-22,ITH,ITH2,4,Provincia Autonoma Trento
462,PAT,Pfizer/BioNTech,9360,2021-03-22,ITH,ITH2,4,Provincia Autonoma Trento
463,PAT,AstraZeneca,2500,2021-03-25,ITH,ITH2,4,Provincia Autonoma Trento
464,PAT,Pfizer/BioNTech,8190,2021-03-29,ITH,ITH2,4,Provincia Autonoma Trento
465,PAT,Moderna,4000,2021-04-02,ITH,ITH2,4,Provincia Autonoma Trento
466,PAT,AstraZeneca,11400,2021-04-03,ITH,ITH2,4,Provincia Autonoma Trento
467,PAT,Pfizer/BioNTech,12870,2021-04-06,ITH,ITH2,4,Provincia Autonoma Trento
468,PIE,Pfizer/BioNTech,910,2020-12-27,ITC,ITC1,1,Piemonte
469,PIE,Pfizer/BioNTech,39000,2020-12-30,ITC,ITC1,1,Piemonte
470,PIE,Pfizer/BioNTech,975,2020-12-31,ITC,ITC1,1,Piemonte
471,PIE,Pfizer/BioNTech,20475,2021-01-05,ITC,ITC1,1,Piemonte
472,PIE,Pfizer/BioNTech,21450,2021-01-07,ITC,ITC1,1,Piemonte
473,PIE,Pfizer/BioNTech,39000,2021-01-12,ITC,ITC1,1,Piemonte
474,PIE,Pfizer/BioNTech,1950,2021-01-13,ITC,ITC1,1,Piemonte
475,PIE,Pfizer/BioNTech,10530,2021-01-18,ITC,ITC1,1,Piemonte
476,PIE,Pfizer/BioNTech,1170,2021-01-19,ITC,ITC1,1,Piemonte
477,PIE,Pfizer/BioNTech,15210,2021-01-20,ITC,ITC1,1,Piemonte
478,PIE,Pfizer/BioNTech,17550,2021-01-21,ITC,ITC1,1,Piemonte
479,PIE,Pfizer/BioNTech,18720,2021-01-26,ITC,ITC1,1,Piemonte
480,PIE,Pfizer/BioNTech,14040,2021-01-27,ITC,ITC1,1,Piemonte
481,PIE,Moderna,4800,2021-02-01,ITC,ITC1,1,Piemonte
482,PIE,Pfizer/BioNTech,42120,2021-02-02,ITC,ITC1,1,Piemonte
483,PIE,Pfizer/BioNTech,4680,2021-02-03,ITC,ITC1,1,Piemonte
484,PIE,Pfizer/BioNTech,35100,2021-02-09,ITC,ITC1,1,Piemonte
485,PIE,AstraZeneca,17800,2021-02-10,ITC,ITC1,1,Piemonte
486,PIE,Pfizer/BioNTech,1170,2021-02-11,ITC,ITC1,1,Piemonte
487,PIE,AstraZeneca,20900,2021-02-13,ITC,ITC1,1,Piemonte
488,PIE,Moderna,11100,2021-02-13,ITC,ITC1,1,Piemonte
489,PIE,Pfizer/BioNTech,53820,2021-02-18,ITC,ITC1,1,Piemonte
490,PIE,AstraZeneca,36200,2021-02-20,ITC,ITC1,1,Piemonte
491,PIE,Pfizer/BioNTech,51480,2021-02-23,ITC,ITC1,1,Piemonte
492,PIE,AstraZeneca,32600,2021-02-27,ITC,ITC1,1,Piemonte
493,PIE,Moderna,20300,2021-03-01,ITC,ITC1,1,Piemonte
494,PIE,Pfizer/BioNTech,52650,2021-03-02,ITC,ITC1,1,Piemonte
495,PIE,Pfizer/BioNTech,1170,2021-03-03,ITC,ITC1,1,Piemonte
496,PIE,Pfizer/BioNTech,57330,2021-03-09,ITC,ITC1,1,Piemonte
497,PIE,AstraZeneca,47000,2021-03-10,ITC,ITC1,1,Piemonte
498,PIE,AstraZeneca,17800,2021-03-13,ITC,ITC1,1,Piemonte
499,PIE,Pfizer/BioNTech,57330,2021-03-15,ITC,ITC1,1,Piemonte
500,PIE,Moderna,27200,2021-03-22,ITC,ITC1,1,Piemonte
501,PIE,Pfizer/BioNTech,84240,2021-03-22,ITC,ITC1,1,Piemonte
502,PIE,AstraZeneca,19100,2021-03-25,ITC,ITC1,1,Piemonte
503,PIE,Pfizer/BioNTech,85410,2021-03-29,ITC,ITC1,1,Piemonte
504,PIE,Moderna,40900,2021-04-02,ITC,ITC1,1,Piemonte
505,PIE,AstraZeneca,90500,2021-04-03,ITC,ITC1,1,Piemonte
506,PIE,Pfizer/BioNTech,126360,2021-04-06,ITC,ITC1,1,Piemonte
507,PUG,Pfizer/BioNTech,505,2020-12-27,ITF,ITF4,16,Puglia
508,PUG,Pfizer/BioNTech,20475,2020-12-30,ITF,ITF4,16,Puglia
509,PUG,Pfizer/BioNTech,4875,2020-12-31,ITF,ITF4,16,Puglia
510,PUG,Pfizer/BioNTech,5850,2021-01-05,ITF,ITF4,16,Puglia
511,PUG,Pfizer/BioNTech,16575,2021-01-07,ITF,ITF4,16,Puglia
512,PUG,Pfizer/BioNTech,23400,2021-01-11,ITF,ITF4,16,Puglia
513,PUG,Pfizer/BioNTech,2925,2021-01-12,ITF,ITF4,16,Puglia
514,PUG,Pfizer/BioNTech,16380,2021-01-18,ITF,ITF4,16,Puglia
515,PUG,Pfizer/BioNTech,2340,2021-01-19,ITF,ITF4,16,Puglia
516,PUG,Pfizer/BioNTech,11700,2021-01-25,ITF,ITF4,16,Puglia
517,PUG,Pfizer/BioNTech,7020,2021-01-26,ITF,ITF4,16,Puglia
518,PUG,Pfizer/BioNTech,8190,2021-01-27,ITF,ITF4,16,Puglia
519,PUG,Moderna,4300,2021-02-01,ITF,ITF4,16,Puglia
520,PUG,Pfizer/BioNTech,14040,2021-02-01,ITF,ITF4,16,Puglia
521,PUG,Pfizer/BioNTech,11700,2021-02-02,ITF,ITF4,16,Puglia
522,PUG,AstraZeneca,16800,2021-02-09,ITF,ITF4,16,Puglia
523,PUG,Pfizer/BioNTech,33930,2021-02-09,ITF,ITF4,16,Puglia
524,PUG,AstraZeneca,19800,2021-02-13,ITF,ITF4,16,Puglia
525,PUG,Moderna,8000,2021-02-13,ITF,ITF4,16,Puglia
526,PUG,Pfizer/BioNTech,30420,2021-02-15,ITF,ITF4,16,Puglia
527,PUG,Pfizer/BioNTech,8190,2021-02-16,ITF,ITF4,16,Puglia
528,PUG,AstraZeneca,5200,2021-02-19,ITF,ITF4,16,Puglia
529,PUG,AstraZeneca,28900,2021-02-20,ITF,ITF4,16,Puglia
530,PUG,Pfizer/BioNTech,33930,2021-02-22,ITF,ITF4,16,Puglia
531,PUG,Pfizer/BioNTech,4680,2021-02-25,ITF,ITF4,16,Puglia
532,PUG,AstraZeneca,33100,2021-02-27,ITF,ITF4,16,Puglia
533,PUG,Moderna,15000,2021-03-01,ITF,ITF4,16,Puglia
534,PUG,Pfizer/BioNTech,39780,2021-03-01,ITF,ITF4,16,Puglia
535,PUG,Pfizer/BioNTech,42120,2021-03-08,ITF,ITF4,16,Puglia
536,PUG,AstraZeneca,50200,2021-03-10,ITF,ITF4,16,Puglia
537,PUG,AstraZeneca,19100,2021-03-13,ITF,ITF4,16,Puglia
538,PUG,Pfizer/BioNTech,42120,2021-03-15,ITF,ITF4,16,Puglia
539,PUG,Moderna,20200,2021-03-21,ITF,ITF4,16,Puglia
540,PUG,Pfizer/BioNTech,79560,2021-03-22,ITF,ITF4,16,Puglia
541,PUG,AstraZeneca,18800,2021-03-25,ITF,ITF4,16,Puglia
542,PUG,Pfizer/BioNTech,62010,2021-03-29,ITF,ITF4,16,Puglia
543,PUG,Moderna,29800,2021-04-02,ITF,ITF4,16,Puglia
544,PUG,AstraZeneca,86400,2021-04-03,ITF,ITF4,16,Puglia
545,PUG,Pfizer/BioNTech,92430,2021-04-06,ITF,ITF4,16,Puglia
546,SAR,Pfizer/BioNTech,180,2020-12-27,ITG,ITG2,20,Sardegna
547,SAR,Pfizer/BioNTech,12675,2020-12-31,ITG,ITG2,20,Sardegna
548,SAR,Pfizer/BioNTech,6825,2021-01-05,ITG,ITG2,20,Sardegna
549,SAR,Pfizer/BioNTech,13650,2021-01-12,ITG,ITG2,20,Sardegna
550,SAR,Pfizer/BioNTech,7020,2021-01-19,ITG,ITG2,20,Sardegna
551,SAR,Pfizer/BioNTech,12870,2021-01-26,ITG,ITG2,20,Sardegna
552,SAR,Moderna,1800,2021-02-01,ITG,ITG2,20,Sardegna
553,SAR,Pfizer/BioNTech,9360,2021-02-02,ITG,ITG2,20,Sardegna
554,SAR,AstraZeneca,7100,2021-02-09,ITG,ITG2,20,Sardegna
555,SAR,Pfizer/BioNTech,14040,2021-02-10,ITG,ITG2,20,Sardegna
556,SAR,AstraZeneca,8300,2021-02-13,ITG,ITG2,20,Sardegna
557,SAR,Moderna,3500,2021-02-13,ITG,ITG2,20,Sardegna
558,SAR,Pfizer/BioNTech,16380,2021-02-18,ITG,ITG2,20,Sardegna
559,SAR,AstraZeneca,14300,2021-02-19,ITG,ITG2,20,Sardegna
560,SAR,Pfizer/BioNTech,16380,2021-02-23,ITG,ITG2,20,Sardegna
561,SAR,AstraZeneca,14400,2021-02-27,ITG,ITG2,20,Sardegna
562,SAR,Moderna,6600,2021-03-01,ITG,ITG2,20,Sardegna
563,SAR,Pfizer/BioNTech,17550,2021-03-02,ITG,ITG2,20,Sardegna
564,SAR,Pfizer/BioNTech,18720,2021-03-09,ITG,ITG2,20,Sardegna
565,SAR,AstraZeneca,19100,2021-03-10,ITG,ITG2,20,Sardegna
566,SAR,AstraZeneca,7400,2021-03-13,ITG,ITG2,20,Sardegna
567,SAR,Pfizer/BioNTech,18720,2021-03-15,ITG,ITG2,20,Sardegna
568,SAR,Moderna,8900,2021-03-22,ITG,ITG2,20,Sardegna
569,SAR,Pfizer/BioNTech,18720,2021-03-22,ITG,ITG2,20,Sardegna
570,SAR,AstraZeneca,8700,2021-03-25,ITG,ITG2,20,Sardegna
571,SAR,Pfizer/BioNTech,28080,2021-03-29,ITG,ITG2,20,Sardegna
572,SAR,Moderna,13100,2021-04-02,ITG,ITG2,20,Sardegna
573,SAR,AstraZeneca,37500,2021-04-03,ITG,ITG2,20,Sardegna
574,SAR,Pfizer/BioNTech,40950,2021-04-06,ITG,ITG2,20,Sardegna
575,SIC,Pfizer/BioNTech,685,2020-12-27,ITG,ITG1,19,Sicilia
576,SIC,Pfizer/BioNTech,45825,2020-12-31,ITG,ITG1,19,Sicilia
577,SIC,Pfizer/BioNTech,32175,2021-01-05,ITG,ITG1,19,Sicilia
578,SIC,Pfizer/BioNTech,45825,2021-01-12,ITG,ITG1,19,Sicilia
579,SIC,Moderna,6600,2021-01-13,ITG,ITG1,19,Sicilia
580,SIC,Pfizer/BioNTech,975,2021-01-13,ITG,ITG1,19,Sicilia
581,SIC,Pfizer/BioNTech,35100,2021-01-19,ITG,ITG1,19,Sicilia
582,SIC,Pfizer/BioNTech,2340,2021-01-21,ITG,ITG1,19,Sicilia
583,SIC,Pfizer/BioNTech,11700,2021-01-26,ITG,ITG1,19,Sicilia
584,SIC,Pfizer/BioNTech,19890,2021-01-27,ITG,ITG1,19,Sicilia
585,SIC,Moderna,5400,2021-02-01,ITG,ITG1,19,Sicilia
586,SIC,Pfizer/BioNTech,23400,2021-02-02,ITG,ITG1,19,Sicilia
587,SIC,Pfizer/BioNTech,11700,2021-02-03,ITG,ITG1,19,Sicilia
588,SIC,Pfizer/BioNTech,23400,2021-02-08,ITG,ITG1,19,Sicilia
589,SIC,AstraZeneca,20500,2021-02-09,ITG,ITG1,19,Sicilia
590,SIC,Pfizer/BioNTech,3510,2021-02-09,ITG,ITG1,19,Sicilia
591,SIC,Pfizer/BioNTech,15210,2021-02-10,ITG,ITG1,19,Sicilia
592,SIC,AstraZeneca,24000,2021-02-13,ITG,ITG1,19,Sicilia
593,SIC,Moderna,9400,2021-02-13,ITG,ITG1,19,Sicilia
594,SIC,Pfizer/BioNTech,11700,2021-02-17,ITG,ITG1,19,Sicilia
595,SIC,Pfizer/BioNTech,31590,2021-02-18,ITG,ITG1,19,Sicilia
596,SIC,AstraZeneca,41600,2021-02-20,ITG,ITG1,19,Sicilia
597,SIC,Pfizer/BioNTech,46800,2021-02-23,ITG,ITG1,19,Sicilia
598,SIC,AstraZeneca,38600,2021-02-27,ITG,ITG1,19,Sicilia
599,SIC,Moderna,18300,2021-03-01,ITG,ITG1,19,Sicilia
600,SIC,Pfizer/BioNTech,49140,2021-03-02,ITG,ITG1,19,Sicilia
601,SIC,Pfizer/BioNTech,49140,2021-03-09,ITG,ITG1,19,Sicilia
602,SIC,AstraZeneca,54600,2021-03-10,ITG,ITG1,19,Sicilia
603,SIC,Pfizer/BioNTech,2340,2021-03-11,ITG,ITG1,19,Sicilia
604,SIC,AstraZeneca,21100,2021-03-13,ITG,ITG1,19,Sicilia
605,SIC,Pfizer/BioNTech,51480,2021-03-15,ITG,ITG1,19,Sicilia
606,SIC,Moderna,24500,2021-03-22,ITG,ITG1,19,Sicilia
607,SIC,Pfizer/BioNTech,62010,2021-03-22,ITG,ITG1,19,Sicilia
608,SIC,AstraZeneca,13600,2021-03-24,ITG,ITG1,19,Sicilia
609,SIC,AstraZeneca,8900,2021-03-25,ITG,ITG1,19,Sicilia
610,SIC,Pfizer/BioNTech,76050,2021-03-29,ITG,ITG1,19,Sicilia
611,SIC,Moderna,23700,2021-04-01,ITG,ITG1,19,Sicilia
612,SIC,Moderna,12600,2021-04-02,ITG,ITG1,19,Sicilia
613,SIC,AstraZeneca,105000,2021-04-03,ITG,ITG1,19,Sicilia
614,SIC,Pfizer/BioNTech,113490,2021-04-06,ITG,ITG1,19,Sicilia
615,TOS,Pfizer/BioNTech,620,2020-12-27,ITI,ITI1,9,Toscana
616,TOS,Pfizer/BioNTech,14625,2020-12-30,ITI,ITI1,9,Toscana
617,TOS,Pfizer/BioNTech,12675,2020-12-31,ITI,ITI1,9,Toscana
618,TOS,Pfizer/BioNTech,3900,2021-01-05,ITI,ITI1,9,Toscana
619,TOS,Pfizer/BioNTech,20475,2021-01-07,ITI,ITI1,9,Toscana
620,TOS,Pfizer/BioNTech,28275,2021-01-12,ITI,ITI1,9,Toscana
621,TOS,Moderna,5300,2021-01-13,ITI,ITI1,9,Toscana
622,TOS,Pfizer/BioNTech,4680,2021-01-18,ITI,ITI1,9,Toscana
623,TOS,Pfizer/BioNTech,7020,2021-01-20,ITI,ITI1,9,Toscana
624,TOS,Pfizer/BioNTech,7020,2021-01-21,ITI,ITI1,9,Toscana
625,TOS,Pfizer/BioNTech,23400,2021-01-26,ITI,ITI1,9,Toscana
626,TOS,Pfizer/BioNTech,5850,2021-01-27,ITI,ITI1,9,Toscana
627,TOS,Moderna,4100,2021-02-01,ITI,ITI1,9,Toscana
628,TOS,Pfizer/BioNTech,31590,2021-02-02,ITI,ITI1,9,Toscana
629,TOS,AstraZeneca,15400,2021-02-09,ITI,ITI1,9,Toscana
630,TOS,Pfizer/BioNTech,31590,2021-02-09,ITI,ITI1,9,Toscana
631,TOS,AstraZeneca,18100,2021-02-13,ITI,ITI1,9,Toscana
632,TOS,Moderna,9600,2021-02-13,ITI,ITI1,9,Toscana
633,TOS,Pfizer/BioNTech,8190,2021-02-16,ITI,ITI1,9,Toscana
634,TOS,Pfizer/BioNTech,36270,2021-02-18,ITI,ITI1,9,Toscana
635,TOS,AstraZeneca,31300,2021-02-19,ITI,ITI1,9,Toscana
636,TOS,Pfizer/BioNTech,44460,2021-02-23,ITI,ITI1,9,Toscana
637,TOS,AstraZeneca,29900,2021-02-27,ITI,ITI1,9,Toscana
638,TOS,Moderna,17700,2021-03-01,ITI,ITI1,9,Toscana
639,TOS,Pfizer/BioNTech,46800,2021-03-02,ITI,ITI1,9,Toscana
640,TOS,Pfizer/BioNTech,50310,2021-03-09,ITI,ITI1,9,Toscana
641,TOS,AstraZeneca,42300,2021-03-10,ITI,ITI1,9,Toscana
642,TOS,AstraZeneca,16300,2021-03-13,ITI,ITI1,9,Toscana
643,TOS,Pfizer/BioNTech,50310,2021-03-15,ITI,ITI1,9,Toscana
644,TOS,Moderna,23800,2021-03-22,ITI,ITI1,9,Toscana
645,TOS,Pfizer/BioNTech,50310,2021-03-22,ITI,ITI1,9,Toscana
646,TOS,AstraZeneca,16800,2021-03-25,ITI,ITI1,9,Toscana
647,TOS,Pfizer/BioNTech,74880,2021-03-29,ITI,ITI1,9,Toscana
648,TOS,Moderna,35200,2021-04-02,ITI,ITI1,9,Toscana
649,TOS,AstraZeneca,75500,2021-04-03,ITI,ITI1,9,Toscana
650,TOS,Pfizer/BioNTech,111150,2021-04-06,ITI,ITI1,9,Toscana
651,UMB,Pfizer/BioNTech,85,2020-12-27,ITI,ITI2,10,Umbria
652,UMB,Pfizer/BioNTech,4875,2020-12-30,ITI,ITI2,10,Umbria
653,UMB,Pfizer/BioNTech,4875,2021-01-05,ITI,ITI2,10,Umbria
654,UMB,Pfizer/BioNTech,5850,2021-01-12,ITI,ITI2,10,Umbria
655,UMB,Moderna,1000,2021-01-13,ITI,ITI2,10,Umbria
656,UMB,Pfizer/BioNTech,2340,2021-01-18,ITI,ITI2,10,Umbria
657,UMB,Pfizer/BioNTech,3510,2021-01-20,ITI,ITI2,10,Umbria
658,UMB,Pfizer/BioNTech,2340,2021-01-26,ITI,ITI2,10,Umbria
659,UMB,Moderna,1000,2021-02-01,ITI,ITI2,10,Umbria
660,UMB,Pfizer/BioNTech,4680,2021-02-02,ITI,ITI2,10,Umbria
661,UMB,AstraZeneca,3700,2021-02-09,ITI,ITI2,10,Umbria
662,UMB,Pfizer/BioNTech,7020,2021-02-10,ITI,ITI2,10,Umbria
663,UMB,AstraZeneca,4300,2021-02-13,ITI,ITI2,10,Umbria
664,UMB,Moderna,2300,2021-02-13,ITI,ITI2,10,Umbria
665,UMB,Pfizer/BioNTech,10530,2021-02-18,ITI,ITI2,10,Umbria
666,UMB,AstraZeneca,7500,2021-02-19,ITI,ITI2,10,Umbria
667,UMB,Pfizer/BioNTech,10530,2021-02-24,ITI,ITI2,10,Umbria
668,UMB,AstraZeneca,6300,2021-02-27,ITI,ITI2,10,Umbria
669,UMB,Moderna,4300,2021-03-01,ITI,ITI2,10,Umbria
670,UMB,Pfizer/BioNTech,11700,2021-03-02,ITI,ITI2,10,Umbria
671,UMB,Pfizer/BioNTech,11700,2021-03-09,ITI,ITI2,10,Umbria
672,UMB,AstraZeneca,9600,2021-03-10,ITI,ITI2,10,Umbria
673,UMB,AstraZeneca,3700,2021-03-13,ITI,ITI2,10,Umbria
674,UMB,Pfizer/BioNTech,11700,2021-03-15,ITI,ITI2,10,Umbria
675,UMB,Moderna,5800,2021-03-22,ITI,ITI2,10,Umbria
676,UMB,Pfizer/BioNTech,11700,2021-03-22,ITI,ITI2,10,Umbria
677,UMB,AstraZeneca,3900,2021-03-25,ITI,ITI2,10,Umbria
678,UMB,Pfizer/BioNTech,18720,2021-03-29,ITI,ITI2,10,Umbria
679,UMB,Moderna,8500,2021-04-02,ITI,ITI2,10,Umbria
680,UMB,AstraZeneca,19700,2021-04-03,ITI,ITI2,10,Umbria
681,UMB,Pfizer/BioNTech,28080,2021-04-06,ITI,ITI2,10,Umbria
682,VDA,Pfizer/BioNTech,20,2020-12-27,ITC,ITC2,2,Valle d'Aosta / Vallée d'Aoste
683,VDA,Pfizer/BioNTech,975,2020-12-30,ITC,ITC2,2,Valle d'Aosta / Vallée d'Aoste
684,VDA,Pfizer/BioNTech,975,2021-01-05,ITC,ITC2,2,Valle d'Aosta / Vallée d'Aoste
685,VDA,Pfizer/BioNTech,1950,2021-01-12,ITC,ITC2,2,Valle d'Aosta / Vallée d'Aoste
686,VDA,Moderna,200,2021-01-13,ITC,ITC2,2,Valle d'Aosta / Vallée d'Aoste
687,VDA,Pfizer/BioNTech,1170,2021-01-20,ITC,ITC2,2,Valle d'Aosta / Vallée d'Aoste
688,VDA,Pfizer/BioNTech,1170,2021-01-26,ITC,ITC2,2,Valle d'Aosta / Vallée d'Aoste
689,VDA,Moderna,100,2021-02-01,ITC,ITC2,2,Valle d'Aosta / Vallée d'Aoste
690,VDA,Pfizer/BioNTech,1170,2021-02-02,ITC,ITC2,2,Valle d'Aosta / Vallée d'Aoste
691,VDA,Pfizer/BioNTech,1170,2021-02-09,ITC,ITC2,2,Valle d'Aosta / Vallée d'Aoste
692,VDA,AstraZeneca,500,2021-02-10,ITC,ITC2,2,Valle d'Aosta / Vallée d'Aoste
693,VDA,AstraZeneca,600,2021-02-13,ITC,ITC2,2,Valle d'Aosta / Vallée d'Aoste
694,VDA,Moderna,300,2021-02-13,ITC,ITC2,2,Valle d'Aosta / Vallée d'Aoste
695,VDA,Pfizer/BioNTech,1170,2021-02-18,ITC,ITC2,2,Valle d'Aosta / Vallée d'Aoste
696,VDA,AstraZeneca,1100,2021-02-20,ITC,ITC2,2,Valle d'Aosta / Vallée d'Aoste
697,VDA,Pfizer/BioNTech,1170,2021-02-23,ITC,ITC2,2,Valle d'Aosta / Vallée d'Aoste
698,VDA,AstraZeneca,900,2021-02-27,ITC,ITC2,2,Valle d'Aosta / Vallée d'Aoste
699,VDA,Moderna,500,2021-02-28,ITC,ITC2,2,Valle d'Aosta / Vallée d'Aoste
700,VDA,Pfizer/BioNTech,1170,2021-03-02,ITC,ITC2,2,Valle d'Aosta / Vallée d'Aoste
701,VDA,Pfizer/BioNTech,1170,2021-03-09,ITC,ITC2,2,Valle d'Aosta / Vallée d'Aoste
702,VDA,AstraZeneca,1300,2021-03-10,ITC,ITC2,2,Valle d'Aosta / Vallée d'Aoste
703,VDA,AstraZeneca,500,2021-03-13,ITC,ITC2,2,Valle d'Aosta / Vallée d'Aoste
704,VDA,Pfizer/BioNTech,1170,2021-03-15,ITC,ITC2,2,Valle d'Aosta / Vallée d'Aoste
705,VDA,Moderna,700,2021-03-22,ITC,ITC2,2,Valle d'Aosta / Vallée d'Aoste
706,VDA,Pfizer/BioNTech,3510,2021-03-22,ITC,ITC2,2,Valle d'Aosta / Vallée d'Aoste
707,VDA,AstraZeneca,600,2021-03-25,ITC,ITC2,2,Valle d'Aosta / Vallée d'Aoste
708,VDA,Pfizer/BioNTech,1170,2021-03-29,ITC,ITC2,2,Valle d'Aosta / Vallée d'Aoste
709,VDA,Moderna,1000,2021-04-02,ITC,ITC2,2,Valle d'Aosta / Vallée d'Aoste
710,VDA,AstraZeneca,2700,2021-04-03,ITC,ITC2,2,Valle d'Aosta / Vallée d'Aoste
711,VDA,Pfizer/BioNTech,2340,2021-04-06,ITC,ITC2,2,Valle d'Aosta / Vallée d'Aoste
712,VEN,Pfizer/BioNTech,875,2020-12-27,ITH,ITH3,5,Veneto
713,VEN,Pfizer/BioNTech,25350,2020-12-30,ITH,ITH3,5,Veneto
714,VEN,Pfizer/BioNTech,12675,2020-12-31,ITH,ITH3,5,Veneto
715,VEN,Pfizer/BioNTech,4875,2021-01-05,ITH,ITH3,5,Veneto
716,VEN,Pfizer/BioNTech,34125,2021-01-07,ITH,ITH3,5,Veneto
717,VEN,Pfizer/BioNTech,39000,2021-01-12,ITH,ITH3,5,Veneto
718,VEN,Moderna,7800,2021-01-13,ITH,ITH3,5,Veneto
719,VEN,Pfizer/BioNTech,7020,2021-01-20,ITH,ITH3,5,Veneto
720,VEN,Pfizer/BioNTech,15210,2021-01-21,ITH,ITH3,5,Veneto
721,VEN,Pfizer/BioNTech,14040,2021-01-26,ITH,ITH3,5,Veneto
722,VEN,Pfizer/BioNTech,36270,2021-01-27,ITH,ITH3,5,Veneto
723,VEN,Moderna,5400,2021-02-01,ITH,ITH3,5,Veneto
724,VEN,Pfizer/BioNTech,45630,2021-02-02,ITH,ITH3,5,Veneto
725,VEN,AstraZeneca,20400,2021-02-09,ITH,ITH3,5,Veneto
726,VEN,Pfizer/BioNTech,42120,2021-02-10,ITH,ITH3,5,Veneto
727,VEN,AstraZeneca,23900,2021-02-13,ITH,ITH3,5,Veneto
728,VEN,Moderna,10700,2021-02-13,ITH,ITH3,5,Veneto
729,VEN,Pfizer/BioNTech,49140,2021-02-18,ITH,ITH3,5,Veneto
730,VEN,AstraZeneca,41300,2021-02-20,ITH,ITH3,5,Veneto
731,VEN,Pfizer/BioNTech,50310,2021-02-23,ITH,ITH3,5,Veneto
732,VEN,AstraZeneca,37300,2021-02-27,ITH,ITH3,5,Veneto
733,VEN,Moderna,19700,2021-02-28,ITH,ITH3,5,Veneto
734,VEN,Pfizer/BioNTech,52650,2021-03-02,ITH,ITH3,5,Veneto
735,VEN,Pfizer/BioNTech,56160,2021-03-09,ITH,ITH3,5,Veneto
736,VEN,AstraZeneca,56000,2021-03-10,ITH,ITH3,5,Veneto
737,VEN,AstraZeneca,20900,2021-03-13,ITH,ITH3,5,Veneto
738,VEN,Pfizer/BioNTech,56160,2021-03-15,ITH,ITH3,5,Veneto
739,VEN,Moderna,26500,2021-03-22,ITH,ITH3,5,Veneto
740,VEN,Pfizer/BioNTech,83070,2021-03-22,ITH,ITH3,5,Veneto
741,VEN,AstraZeneca,21800,2021-03-25,ITH,ITH3,5,Veneto
742,VEN,Pfizer/BioNTech,83070,2021-03-29,ITH,ITH3,5,Veneto
743,VEN,Moderna,39100,2021-04-02,ITH,ITH3,5,Veneto
744,VEN,AstraZeneca,103300,2021-04-03,ITH,ITH3,5,Veneto
745,VEN,Pfizer/BioNTech,124020,2021-04-06,ITH,ITH3,5,Veneto
